func_name,return_type,error_val(s),mubi,biff_key,cfile:linenumber
seekExtract,int,1,0,seek,seek/extract.c:934
seekDataSet,int,1,0,seek,seek/setSeek.c:54
seekSamplesSet,int,1,0,seek,seek/setSeek.c:114
seekTypeSet,int,1,0,seek,seek/setSeek.c:147
seekLowerInsideSet,int,1,0,seek,seek/setSeek.c:171
seekNormalsFindSet,int,1,0,seek,seek/setSeek.c:191
seekStrengthUseSet,int,1,0,seek,seek/setSeek.c:206
seekStrengthSet,int,1,0,seek,seek/setSeek.c:221
seekItemScalarSet,int,1,0,seek,seek/setSeek.c:283
seekItemStrengthSet,int,1,0,seek,seek/setSeek.c:302
seekItemHessSet,int,1,0,seek,seek/setSeek.c:321
seekItemGradientSet,int,1,0,seek,seek/setSeek.c:341
seekItemNormalSet,int,1,0,seek,seek/setSeek.c:362
seekItemEigensystemSet,int,1,0,seek,seek/setSeek.c:383
seekIsovalueSet,int,1,0,seek,seek/setSeek.c:412
seekEvalDiffThreshSet,int,1,0,seek,seek/setSeek.c:438
seekVertexStrength,int,1,0,seek,seek/textract.c:1882
seekUpdate,int,1,0,seek,seek/updateSeek.c:670
